{"name":"CSE546pi","classpathEntries":[{"kind":"binary","path":"/usr/lib/jvm/java-8-openjdk-amd64/jre/lib/resources.jar","javadocContainerUrl":"https://docs.oracle.com/javase/1/docs/api/","isSystem":true,"isOwn":false,"isTest":false,"isJavaContent":false},{"kind":"binary","path":"/usr/lib/jvm/java-8-openjdk-amd64/jre/lib/rt.jar","javadocContainerUrl":"https://docs.oracle.com/javase/1/docs/api/","isSystem":true,"isOwn":false,"isTest":false,"isJavaContent":false},{"kind":"binary","path":"/usr/lib/jvm/java-8-openjdk-amd64/jre/lib/jsse.jar","javadocContainerUrl":"https://docs.oracle.com/javase/1/docs/api/","isSystem":true,"isOwn":false,"isTest":false,"isJavaContent":false},{"kind":"binary","path":"/usr/lib/jvm/java-8-openjdk-amd64/jre/lib/jce.jar","javadocContainerUrl":"https://docs.oracle.com/javase/1/docs/api/","isSystem":true,"isOwn":false,"isTest":false,"isJavaContent":false},{"kind":"binary","path":"/usr/lib/jvm/java-8-openjdk-amd64/jre/lib/charsets.jar","javadocContainerUrl":"https://docs.oracle.com/javase/1/docs/api/","isSystem":true,"isOwn":false,"isTest":false,"isJavaContent":false},{"kind":"binary","path":"/home/nishant/.m2/repository/org/springframework/boot/spring-boot-starter-web/2.2.5.RELEASE/spring-boot-starter-web-2.2.5.RELEASE.jar","sourceContainerUrl":"file:/home/nishant/.m2/repository/org/springframework/boot/spring-boot-starter-web/2.2.5.RELEASE/spring-boot-starter-web-2.2.5.RELEASE-sources.jar","isSystem":false,"isOwn":false,"isTest":false,"isJavaContent":false},{"kind":"binary","path":"/home/nishant/.m2/repository/org/springframework/boot/spring-boot-starter/2.2.5.RELEASE/spring-boot-starter-2.2.5.RELEASE.jar","sourceContainerUrl":"file:/home/nishant/.m2/repository/org/springframework/boot/spring-boot-starter/2.2.5.RELEASE/spring-boot-starter-2.2.5.RELEASE-sources.jar","isSystem":false,"isOwn":false,"isTest":false,"isJavaContent":false},{"kind":"binary","path":"/home/nishant/.m2/repository/org/springframework/boot/spring-boot/2.2.5.RELEASE/spring-boot-2.2.5.RELEASE.jar","sourceContainerUrl":"file:/home/nishant/.m2/repository/org/springframework/boot/spring-boot/2.2.5.RELEASE/spring-boot-2.2.5.RELEASE-sources.jar","isSystem":false,"isOwn":false,"isTest":false,"isJavaContent":false},{"kind":"binary","path":"/home/nishant/.m2/repository/org/springframework/boot/spring-boot-autoconfigure/2.2.5.RELEASE/spring-boot-autoconfigure-2.2.5.RELEASE.jar","sourceContainerUrl":"file:/home/nishant/.m2/repository/org/springframework/boot/spring-boot-autoconfigure/2.2.5.RELEASE/spring-boot-autoconfigure-2.2.5.RELEASE-sources.jar","isSystem":false,"isOwn":false,"isTest":false,"isJavaContent":false},{"kind":"binary","path":"/home/nishant/.m2/repository/org/springframework/boot/spring-boot-starter-logging/2.2.5.RELEASE/spring-boot-starter-logging-2.2.5.RELEASE.jar","sourceContainerUrl":"file:/home/nishant/.m2/repository/org/springframework/boot/spring-boot-starter-logging/2.2.5.RELEASE/spring-boot-starter-logging-2.2.5.RELEASE-sources.jar","isSystem":false,"isOwn":false,"isTest":false,"isJavaContent":false},{"kind":"binary","path":"/home/nishant/.m2/repository/ch/qos/logback/logback-classic/1.2.3/logback-classic-1.2.3.jar","sourceContainerUrl":"file:/home/nishant/.m2/repository/ch/qos/logback/logback-classic/1.2.3/logback-classic-1.2.3-sources.jar","isSystem":false,"isOwn":false,"isTest":false,"isJavaContent":false},{"kind":"binary","path":"/home/nishant/.m2/repository/ch/qos/logback/logback-core/1.2.3/logback-core-1.2.3.jar","sourceContainerUrl":"file:/home/nishant/.m2/repository/ch/qos/logback/logback-core/1.2.3/logback-core-1.2.3-sources.jar","isSystem":false,"isOwn":false,"isTest":false,"isJavaContent":false},{"kind":"binary","path":"/home/nishant/.m2/repository/org/apache/logging/log4j/log4j-to-slf4j/2.12.1/log4j-to-slf4j-2.12.1.jar","sourceContainerUrl":"file:/home/nishant/.m2/repository/org/apache/logging/log4j/log4j-to-slf4j/2.12.1/log4j-to-slf4j-2.12.1-sources.jar","isSystem":false,"isOwn":false,"isTest":false,"isJavaContent":false},{"kind":"binary","path":"/home/nishant/.m2/repository/org/apache/logging/log4j/log4j-api/2.12.1/log4j-api-2.12.1.jar","sourceContainerUrl":"file:/home/nishant/.m2/repository/org/apache/logging/log4j/log4j-api/2.12.1/log4j-api-2.12.1-sources.jar","isSystem":false,"isOwn":false,"isTest":false,"isJavaContent":false},{"kind":"binary","path":"/home/nishant/.m2/repository/org/slf4j/jul-to-slf4j/1.7.30/jul-to-slf4j-1.7.30.jar","sourceContainerUrl":"file:/home/nishant/.m2/repository/org/slf4j/jul-to-slf4j/1.7.30/jul-to-slf4j-1.7.30-sources.jar","isSystem":false,"isOwn":false,"isTest":false,"isJavaContent":false},{"kind":"binary","path":"/home/nishant/.m2/repository/jakarta/annotation/jakarta.annotation-api/1.3.5/jakarta.annotation-api-1.3.5.jar","sourceContainerUrl":"file:/home/nishant/.m2/repository/jakarta/annotation/jakarta.annotation-api/1.3.5/jakarta.annotation-api-1.3.5-sources.jar","isSystem":false,"isOwn":false,"isTest":false,"isJavaContent":false},{"kind":"binary","path":"/home/nishant/.m2/repository/org/yaml/snakeyaml/1.25/snakeyaml-1.25.jar","sourceContainerUrl":"file:/home/nishant/.m2/repository/org/yaml/snakeyaml/1.25/snakeyaml-1.25-sources.jar","isSystem":false,"isOwn":false,"isTest":false,"isJavaContent":false},{"kind":"binary","path":"/home/nishant/.m2/repository/org/springframework/boot/spring-boot-starter-json/2.2.5.RELEASE/spring-boot-starter-json-2.2.5.RELEASE.jar","sourceContainerUrl":"file:/home/nishant/.m2/repository/org/springframework/boot/spring-boot-starter-json/2.2.5.RELEASE/spring-boot-starter-json-2.2.5.RELEASE-sources.jar","isSystem":false,"isOwn":false,"isTest":false,"isJavaContent":false},{"kind":"binary","path":"/home/nishant/.m2/repository/com/fasterxml/jackson/core/jackson-databind/2.10.2/jackson-databind-2.10.2.jar","sourceContainerUrl":"file:/home/nishant/.m2/repository/com/fasterxml/jackson/core/jackson-databind/2.10.2/jackson-databind-2.10.2-sources.jar","isSystem":false,"isOwn":false,"isTest":false,"isJavaContent":false},{"kind":"binary","path":"/home/nishant/.m2/repository/com/fasterxml/jackson/core/jackson-annotations/2.10.2/jackson-annotations-2.10.2.jar","sourceContainerUrl":"file:/home/nishant/.m2/repository/com/fasterxml/jackson/core/jackson-annotations/2.10.2/jackson-annotations-2.10.2-sources.jar","isSystem":false,"isOwn":false,"isTest":false,"isJavaContent":false},{"kind":"binary","path":"/home/nishant/.m2/repository/com/fasterxml/jackson/core/jackson-core/2.10.2/jackson-core-2.10.2.jar","sourceContainerUrl":"file:/home/nishant/.m2/repository/com/fasterxml/jackson/core/jackson-core/2.10.2/jackson-core-2.10.2-sources.jar","isSystem":false,"isOwn":false,"isTest":false,"isJavaContent":false},{"kind":"binary","path":"/home/nishant/.m2/repository/com/fasterxml/jackson/datatype/jackson-datatype-jdk8/2.10.2/jackson-datatype-jdk8-2.10.2.jar","sourceContainerUrl":"file:/home/nishant/.m2/repository/com/fasterxml/jackson/datatype/jackson-datatype-jdk8/2.10.2/jackson-datatype-jdk8-2.10.2-sources.jar","isSystem":false,"isOwn":false,"isTest":false,"isJavaContent":false},{"kind":"binary","path":"/home/nishant/.m2/repository/com/fasterxml/jackson/datatype/jackson-datatype-jsr310/2.10.2/jackson-datatype-jsr310-2.10.2.jar","sourceContainerUrl":"file:/home/nishant/.m2/repository/com/fasterxml/jackson/datatype/jackson-datatype-jsr310/2.10.2/jackson-datatype-jsr310-2.10.2-sources.jar","isSystem":false,"isOwn":false,"isTest":false,"isJavaContent":false},{"kind":"binary","path":"/home/nishant/.m2/repository/com/fasterxml/jackson/module/jackson-module-parameter-names/2.10.2/jackson-module-parameter-names-2.10.2.jar","sourceContainerUrl":"file:/home/nishant/.m2/repository/com/fasterxml/jackson/module/jackson-module-parameter-names/2.10.2/jackson-module-parameter-names-2.10.2-sources.jar","isSystem":false,"isOwn":false,"isTest":false,"isJavaContent":false},{"kind":"binary","path":"/home/nishant/.m2/repository/org/springframework/boot/spring-boot-starter-tomcat/2.2.5.RELEASE/spring-boot-starter-tomcat-2.2.5.RELEASE.jar","sourceContainerUrl":"file:/home/nishant/.m2/repository/org/springframework/boot/spring-boot-starter-tomcat/2.2.5.RELEASE/spring-boot-starter-tomcat-2.2.5.RELEASE-sources.jar","isSystem":false,"isOwn":false,"isTest":false,"isJavaContent":false},{"kind":"binary","path":"/home/nishant/.m2/repository/org/apache/tomcat/embed/tomcat-embed-core/9.0.31/tomcat-embed-core-9.0.31.jar","sourceContainerUrl":"file:/home/nishant/.m2/repository/org/apache/tomcat/embed/tomcat-embed-core/9.0.31/tomcat-embed-core-9.0.31-sources.jar","isSystem":false,"isOwn":false,"isTest":false,"isJavaContent":false},{"kind":"binary","path":"/home/nishant/.m2/repository/org/apache/tomcat/embed/tomcat-embed-el/9.0.31/tomcat-embed-el-9.0.31.jar","sourceContainerUrl":"file:/home/nishant/.m2/repository/org/apache/tomcat/embed/tomcat-embed-el/9.0.31/tomcat-embed-el-9.0.31-sources.jar","isSystem":false,"isOwn":false,"isTest":false,"isJavaContent":false},{"kind":"binary","path":"/home/nishant/.m2/repository/org/apache/tomcat/embed/tomcat-embed-websocket/9.0.31/tomcat-embed-websocket-9.0.31.jar","sourceContainerUrl":"file:/home/nishant/.m2/repository/org/apache/tomcat/embed/tomcat-embed-websocket/9.0.31/tomcat-embed-websocket-9.0.31-sources.jar","isSystem":false,"isOwn":false,"isTest":false,"isJavaContent":false},{"kind":"binary","path":"/home/nishant/.m2/repository/org/springframework/boot/spring-boot-starter-validation/2.2.5.RELEASE/spring-boot-starter-validation-2.2.5.RELEASE.jar","sourceContainerUrl":"file:/home/nishant/.m2/repository/org/springframework/boot/spring-boot-starter-validation/2.2.5.RELEASE/spring-boot-starter-validation-2.2.5.RELEASE-sources.jar","isSystem":false,"isOwn":false,"isTest":false,"isJavaContent":false},{"kind":"binary","path":"/home/nishant/.m2/repository/jakarta/validation/jakarta.validation-api/2.0.2/jakarta.validation-api-2.0.2.jar","sourceContainerUrl":"file:/home/nishant/.m2/repository/jakarta/validation/jakarta.validation-api/2.0.2/jakarta.validation-api-2.0.2-sources.jar","isSystem":false,"isOwn":false,"isTest":false,"isJavaContent":false},{"kind":"binary","path":"/home/nishant/.m2/repository/org/hibernate/validator/hibernate-validator/6.0.18.Final/hibernate-validator-6.0.18.Final.jar","sourceContainerUrl":"file:/home/nishant/.m2/repository/org/hibernate/validator/hibernate-validator/6.0.18.Final/hibernate-validator-6.0.18.Final-sources.jar","isSystem":false,"isOwn":false,"isTest":false,"isJavaContent":false},{"kind":"binary","path":"/home/nishant/.m2/repository/org/jboss/logging/jboss-logging/3.4.1.Final/jboss-logging-3.4.1.Final.jar","sourceContainerUrl":"file:/home/nishant/.m2/repository/org/jboss/logging/jboss-logging/3.4.1.Final/jboss-logging-3.4.1.Final-sources.jar","isSystem":false,"isOwn":false,"isTest":false,"isJavaContent":false},{"kind":"binary","path":"/home/nishant/.m2/repository/com/fasterxml/classmate/1.5.1/classmate-1.5.1.jar","sourceContainerUrl":"file:/home/nishant/.m2/repository/com/fasterxml/classmate/1.5.1/classmate-1.5.1-sources.jar","isSystem":false,"isOwn":false,"isTest":false,"isJavaContent":false},{"kind":"binary","path":"/home/nishant/.m2/repository/org/springframework/spring-web/5.2.4.RELEASE/spring-web-5.2.4.RELEASE.jar","sourceContainerUrl":"file:/home/nishant/.m2/repository/org/springframework/spring-web/5.2.4.RELEASE/spring-web-5.2.4.RELEASE-sources.jar","isSystem":false,"isOwn":false,"isTest":false,"isJavaContent":false},{"kind":"binary","path":"/home/nishant/.m2/repository/org/springframework/spring-beans/5.2.4.RELEASE/spring-beans-5.2.4.RELEASE.jar","sourceContainerUrl":"file:/home/nishant/.m2/repository/org/springframework/spring-beans/5.2.4.RELEASE/spring-beans-5.2.4.RELEASE-sources.jar","isSystem":false,"isOwn":false,"isTest":false,"isJavaContent":false},{"kind":"binary","path":"/home/nishant/.m2/repository/org/springframework/spring-webmvc/5.2.4.RELEASE/spring-webmvc-5.2.4.RELEASE.jar","sourceContainerUrl":"file:/home/nishant/.m2/repository/org/springframework/spring-webmvc/5.2.4.RELEASE/spring-webmvc-5.2.4.RELEASE-sources.jar","isSystem":false,"isOwn":false,"isTest":false,"isJavaContent":false},{"kind":"binary","path":"/home/nishant/.m2/repository/org/springframework/spring-aop/5.2.4.RELEASE/spring-aop-5.2.4.RELEASE.jar","sourceContainerUrl":"file:/home/nishant/.m2/repository/org/springframework/spring-aop/5.2.4.RELEASE/spring-aop-5.2.4.RELEASE-sources.jar","isSystem":false,"isOwn":false,"isTest":false,"isJavaContent":false},{"kind":"binary","path":"/home/nishant/.m2/repository/org/springframework/spring-context/5.2.4.RELEASE/spring-context-5.2.4.RELEASE.jar","sourceContainerUrl":"file:/home/nishant/.m2/repository/org/springframework/spring-context/5.2.4.RELEASE/spring-context-5.2.4.RELEASE-sources.jar","isSystem":false,"isOwn":false,"isTest":false,"isJavaContent":false},{"kind":"binary","path":"/home/nishant/.m2/repository/org/springframework/spring-expression/5.2.4.RELEASE/spring-expression-5.2.4.RELEASE.jar","sourceContainerUrl":"file:/home/nishant/.m2/repository/org/springframework/spring-expression/5.2.4.RELEASE/spring-expression-5.2.4.RELEASE-sources.jar","isSystem":false,"isOwn":false,"isTest":false,"isJavaContent":false},{"kind":"binary","path":"/home/nishant/.m2/repository/org/springframework/cloud/spring-cloud-starter-aws/2.2.1.RELEASE/spring-cloud-starter-aws-2.2.1.RELEASE.jar","isSystem":false,"isOwn":false,"isTest":false,"isJavaContent":false},{"kind":"binary","path":"/home/nishant/.m2/repository/org/springframework/cloud/spring-cloud-aws-context/2.2.1.RELEASE/spring-cloud-aws-context-2.2.1.RELEASE.jar","sourceContainerUrl":"file:/home/nishant/.m2/repository/org/springframework/cloud/spring-cloud-aws-context/2.2.1.RELEASE/spring-cloud-aws-context-2.2.1.RELEASE-sources.jar","isSystem":false,"isOwn":false,"isTest":false,"isJavaContent":false},{"kind":"binary","path":"/home/nishant/.m2/repository/org/springframework/cloud/spring-cloud-aws-core/2.2.1.RELEASE/spring-cloud-aws-core-2.2.1.RELEASE.jar","sourceContainerUrl":"file:/home/nishant/.m2/repository/org/springframework/cloud/spring-cloud-aws-core/2.2.1.RELEASE/spring-cloud-aws-core-2.2.1.RELEASE-sources.jar","isSystem":false,"isOwn":false,"isTest":false,"isJavaContent":false},{"kind":"binary","path":"/home/nishant/.m2/repository/com/amazonaws/aws-java-sdk-core/1.11.415/aws-java-sdk-core-1.11.415.jar","sourceContainerUrl":"file:/home/nishant/.m2/repository/com/amazonaws/aws-java-sdk-core/1.11.415/aws-java-sdk-core-1.11.415-sources.jar","isSystem":false,"isOwn":false,"isTest":false,"isJavaContent":false},{"kind":"binary","path":"/home/nishant/.m2/repository/org/apache/httpcomponents/httpclient/4.5.11/httpclient-4.5.11.jar","sourceContainerUrl":"file:/home/nishant/.m2/repository/org/apache/httpcomponents/httpclient/4.5.11/httpclient-4.5.11-sources.jar","isSystem":false,"isOwn":false,"isTest":false,"isJavaContent":false},{"kind":"binary","path":"/home/nishant/.m2/repository/org/apache/httpcomponents/httpcore/4.4.13/httpcore-4.4.13.jar","sourceContainerUrl":"file:/home/nishant/.m2/repository/org/apache/httpcomponents/httpcore/4.4.13/httpcore-4.4.13-sources.jar","isSystem":false,"isOwn":false,"isTest":false,"isJavaContent":false},{"kind":"binary","path":"/home/nishant/.m2/repository/commons-codec/commons-codec/1.13/commons-codec-1.13.jar","sourceContainerUrl":"file:/home/nishant/.m2/repository/commons-codec/commons-codec/1.13/commons-codec-1.13-sources.jar","isSystem":false,"isOwn":false,"isTest":false,"isJavaContent":false},{"kind":"binary","path":"/home/nishant/.m2/repository/software/amazon/ion/ion-java/1.0.2/ion-java-1.0.2.jar","sourceContainerUrl":"file:/home/nishant/.m2/repository/software/amazon/ion/ion-java/1.0.2/ion-java-1.0.2-sources.jar","isSystem":false,"isOwn":false,"isTest":false,"isJavaContent":false},{"kind":"binary","path":"/home/nishant/.m2/repository/com/fasterxml/jackson/dataformat/jackson-dataformat-cbor/2.10.2/jackson-dataformat-cbor-2.10.2.jar","sourceContainerUrl":"file:/home/nishant/.m2/repository/com/fasterxml/jackson/dataformat/jackson-dataformat-cbor/2.10.2/jackson-dataformat-cbor-2.10.2-sources.jar","isSystem":false,"isOwn":false,"isTest":false,"isJavaContent":false},{"kind":"binary","path":"/home/nishant/.m2/repository/joda-time/joda-time/2.10.5/joda-time-2.10.5.jar","sourceContainerUrl":"file:/home/nishant/.m2/repository/joda-time/joda-time/2.10.5/joda-time-2.10.5-sources.jar","isSystem":false,"isOwn":false,"isTest":false,"isJavaContent":false},{"kind":"binary","path":"/home/nishant/.m2/repository/com/amazonaws/aws-java-sdk-s3/1.11.415/aws-java-sdk-s3-1.11.415.jar","sourceContainerUrl":"file:/home/nishant/.m2/repository/com/amazonaws/aws-java-sdk-s3/1.11.415/aws-java-sdk-s3-1.11.415-sources.jar","isSystem":false,"isOwn":false,"isTest":false,"isJavaContent":false},{"kind":"binary","path":"/home/nishant/.m2/repository/com/amazonaws/aws-java-sdk-kms/1.11.415/aws-java-sdk-kms-1.11.415.jar","sourceContainerUrl":"file:/home/nishant/.m2/repository/com/amazonaws/aws-java-sdk-kms/1.11.415/aws-java-sdk-kms-1.11.415-sources.jar","isSystem":false,"isOwn":false,"isTest":false,"isJavaContent":false},{"kind":"binary","path":"/home/nishant/.m2/repository/com/amazonaws/aws-java-sdk-ec2/1.11.415/aws-java-sdk-ec2-1.11.415.jar","sourceContainerUrl":"file:/home/nishant/.m2/repository/com/amazonaws/aws-java-sdk-ec2/1.11.415/aws-java-sdk-ec2-1.11.415-sources.jar","isSystem":false,"isOwn":false,"isTest":false,"isJavaContent":false},{"kind":"binary","path":"/home/nishant/.m2/repository/com/amazonaws/aws-java-sdk-cloudformation/1.11.415/aws-java-sdk-cloudformation-1.11.415.jar","sourceContainerUrl":"file:/home/nishant/.m2/repository/com/amazonaws/aws-java-sdk-cloudformation/1.11.415/aws-java-sdk-cloudformation-1.11.415-sources.jar","isSystem":false,"isOwn":false,"isTest":false,"isJavaContent":false},{"kind":"binary","path":"/home/nishant/.m2/repository/org/springframework/cloud/spring-cloud-aws-autoconfigure/2.2.1.RELEASE/spring-cloud-aws-autoconfigure-2.2.1.RELEASE.jar","sourceContainerUrl":"file:/home/nishant/.m2/repository/org/springframework/cloud/spring-cloud-aws-autoconfigure/2.2.1.RELEASE/spring-cloud-aws-autoconfigure-2.2.1.RELEASE-sources.jar","isSystem":false,"isOwn":false,"isTest":false,"isJavaContent":false},{"kind":"binary","path":"/home/nishant/.m2/repository/org/slf4j/slf4j-api/1.7.30/slf4j-api-1.7.30.jar","sourceContainerUrl":"file:/home/nishant/.m2/repository/org/slf4j/slf4j-api/1.7.30/slf4j-api-1.7.30-sources.jar","isSystem":false,"isOwn":false,"isTest":false,"isJavaContent":false},{"kind":"binary","path":"/home/nishant/.m2/repository/org/springframework/cloud/spring-cloud-starter-aws-messaging/2.2.1.RELEASE/spring-cloud-starter-aws-messaging-2.2.1.RELEASE.jar","isSystem":false,"isOwn":false,"isTest":false,"isJavaContent":false},{"kind":"binary","path":"/home/nishant/.m2/repository/org/springframework/cloud/spring-cloud-aws-messaging/2.2.1.RELEASE/spring-cloud-aws-messaging-2.2.1.RELEASE.jar","sourceContainerUrl":"file:/home/nishant/.m2/repository/org/springframework/cloud/spring-cloud-aws-messaging/2.2.1.RELEASE/spring-cloud-aws-messaging-2.2.1.RELEASE-sources.jar","isSystem":false,"isOwn":false,"isTest":false,"isJavaContent":false},{"kind":"binary","path":"/home/nishant/.m2/repository/com/amazonaws/aws-java-sdk-sns/1.11.415/aws-java-sdk-sns-1.11.415.jar","sourceContainerUrl":"file:/home/nishant/.m2/repository/com/amazonaws/aws-java-sdk-sns/1.11.415/aws-java-sdk-sns-1.11.415-sources.jar","isSystem":false,"isOwn":false,"isTest":false,"isJavaContent":false},{"kind":"binary","path":"/home/nishant/.m2/repository/com/amazonaws/jmespath-java/1.11.415/jmespath-java-1.11.415.jar","sourceContainerUrl":"file:/home/nishant/.m2/repository/com/amazonaws/jmespath-java/1.11.415/jmespath-java-1.11.415-sources.jar","isSystem":false,"isOwn":false,"isTest":false,"isJavaContent":false},{"kind":"binary","path":"/home/nishant/.m2/repository/com/amazonaws/aws-java-sdk-sqs/1.11.415/aws-java-sdk-sqs-1.11.415.jar","sourceContainerUrl":"file:/home/nishant/.m2/repository/com/amazonaws/aws-java-sdk-sqs/1.11.415/aws-java-sdk-sqs-1.11.415-sources.jar","isSystem":false,"isOwn":false,"isTest":false,"isJavaContent":false},{"kind":"binary","path":"/home/nishant/.m2/repository/org/springframework/spring-messaging/5.2.4.RELEASE/spring-messaging-5.2.4.RELEASE.jar","sourceContainerUrl":"file:/home/nishant/.m2/repository/org/springframework/spring-messaging/5.2.4.RELEASE/spring-messaging-5.2.4.RELEASE-sources.jar","isSystem":false,"isOwn":false,"isTest":false,"isJavaContent":false},{"kind":"binary","path":"/home/nishant/.m2/repository/org/springframework/boot/spring-boot-starter-test/2.2.5.RELEASE/spring-boot-starter-test-2.2.5.RELEASE.jar","sourceContainerUrl":"file:/home/nishant/.m2/repository/org/springframework/boot/spring-boot-starter-test/2.2.5.RELEASE/spring-boot-starter-test-2.2.5.RELEASE-sources.jar","isSystem":false,"isOwn":false,"isTest":false,"isJavaContent":false},{"kind":"binary","path":"/home/nishant/.m2/repository/org/springframework/boot/spring-boot-test/2.2.5.RELEASE/spring-boot-test-2.2.5.RELEASE.jar","sourceContainerUrl":"file:/home/nishant/.m2/repository/org/springframework/boot/spring-boot-test/2.2.5.RELEASE/spring-boot-test-2.2.5.RELEASE-sources.jar","isSystem":false,"isOwn":false,"isTest":false,"isJavaContent":false},{"kind":"binary","path":"/home/nishant/.m2/repository/org/springframework/boot/spring-boot-test-autoconfigure/2.2.5.RELEASE/spring-boot-test-autoconfigure-2.2.5.RELEASE.jar","sourceContainerUrl":"file:/home/nishant/.m2/repository/org/springframework/boot/spring-boot-test-autoconfigure/2.2.5.RELEASE/spring-boot-test-autoconfigure-2.2.5.RELEASE-sources.jar","isSystem":false,"isOwn":false,"isTest":false,"isJavaContent":false},{"kind":"binary","path":"/home/nishant/.m2/repository/com/jayway/jsonpath/json-path/2.4.0/json-path-2.4.0.jar","sourceContainerUrl":"file:/home/nishant/.m2/repository/com/jayway/jsonpath/json-path/2.4.0/json-path-2.4.0-sources.jar","isSystem":false,"isOwn":false,"isTest":false,"isJavaContent":false},{"kind":"binary","path":"/home/nishant/.m2/repository/net/minidev/json-smart/2.3/json-smart-2.3.jar","sourceContainerUrl":"file:/home/nishant/.m2/repository/net/minidev/json-smart/2.3/json-smart-2.3-sources.jar","isSystem":false,"isOwn":false,"isTest":false,"isJavaContent":false},{"kind":"binary","path":"/home/nishant/.m2/repository/net/minidev/accessors-smart/1.2/accessors-smart-1.2.jar","sourceContainerUrl":"file:/home/nishant/.m2/repository/net/minidev/accessors-smart/1.2/accessors-smart-1.2-sources.jar","isSystem":false,"isOwn":false,"isTest":false,"isJavaContent":false},{"kind":"binary","path":"/home/nishant/.m2/repository/org/ow2/asm/asm/5.0.4/asm-5.0.4.jar","sourceContainerUrl":"file:/home/nishant/.m2/repository/org/ow2/asm/asm/5.0.4/asm-5.0.4-sources.jar","isSystem":false,"isOwn":false,"isTest":false,"isJavaContent":false},{"kind":"binary","path":"/home/nishant/.m2/repository/jakarta/xml/bind/jakarta.xml.bind-api/2.3.2/jakarta.xml.bind-api-2.3.2.jar","sourceContainerUrl":"file:/home/nishant/.m2/repository/jakarta/xml/bind/jakarta.xml.bind-api/2.3.2/jakarta.xml.bind-api-2.3.2-sources.jar","isSystem":false,"isOwn":false,"isTest":false,"isJavaContent":false},{"kind":"binary","path":"/home/nishant/.m2/repository/jakarta/activation/jakarta.activation-api/1.2.2/jakarta.activation-api-1.2.2.jar","sourceContainerUrl":"file:/home/nishant/.m2/repository/jakarta/activation/jakarta.activation-api/1.2.2/jakarta.activation-api-1.2.2-sources.jar","isSystem":false,"isOwn":false,"isTest":false,"isJavaContent":false},{"kind":"binary","path":"/home/nishant/.m2/repository/org/junit/jupiter/junit-jupiter/5.5.2/junit-jupiter-5.5.2.jar","sourceContainerUrl":"file:/home/nishant/.m2/repository/org/junit/jupiter/junit-jupiter/5.5.2/junit-jupiter-5.5.2-sources.jar","isSystem":false,"isOwn":false,"isTest":false,"isJavaContent":false},{"kind":"binary","path":"/home/nishant/.m2/repository/org/junit/jupiter/junit-jupiter-api/5.5.2/junit-jupiter-api-5.5.2.jar","sourceContainerUrl":"file:/home/nishant/.m2/repository/org/junit/jupiter/junit-jupiter-api/5.5.2/junit-jupiter-api-5.5.2-sources.jar","isSystem":false,"isOwn":false,"isTest":false,"isJavaContent":false},{"kind":"binary","path":"/home/nishant/.m2/repository/org/apiguardian/apiguardian-api/1.1.0/apiguardian-api-1.1.0.jar","sourceContainerUrl":"file:/home/nishant/.m2/repository/org/apiguardian/apiguardian-api/1.1.0/apiguardian-api-1.1.0-sources.jar","isSystem":false,"isOwn":false,"isTest":false,"isJavaContent":false},{"kind":"binary","path":"/home/nishant/.m2/repository/org/opentest4j/opentest4j/1.2.0/opentest4j-1.2.0.jar","sourceContainerUrl":"file:/home/nishant/.m2/repository/org/opentest4j/opentest4j/1.2.0/opentest4j-1.2.0-sources.jar","isSystem":false,"isOwn":false,"isTest":false,"isJavaContent":false},{"kind":"binary","path":"/home/nishant/.m2/repository/org/junit/platform/junit-platform-commons/1.5.2/junit-platform-commons-1.5.2.jar","sourceContainerUrl":"file:/home/nishant/.m2/repository/org/junit/platform/junit-platform-commons/1.5.2/junit-platform-commons-1.5.2-sources.jar","isSystem":false,"isOwn":false,"isTest":false,"isJavaContent":false},{"kind":"binary","path":"/home/nishant/.m2/repository/org/junit/jupiter/junit-jupiter-params/5.5.2/junit-jupiter-params-5.5.2.jar","sourceContainerUrl":"file:/home/nishant/.m2/repository/org/junit/jupiter/junit-jupiter-params/5.5.2/junit-jupiter-params-5.5.2-sources.jar","isSystem":false,"isOwn":false,"isTest":false,"isJavaContent":false},{"kind":"binary","path":"/home/nishant/.m2/repository/org/junit/jupiter/junit-jupiter-engine/5.5.2/junit-jupiter-engine-5.5.2.jar","sourceContainerUrl":"file:/home/nishant/.m2/repository/org/junit/jupiter/junit-jupiter-engine/5.5.2/junit-jupiter-engine-5.5.2-sources.jar","isSystem":false,"isOwn":false,"isTest":false,"isJavaContent":false},{"kind":"binary","path":"/home/nishant/.m2/repository/org/junit/platform/junit-platform-engine/1.5.2/junit-platform-engine-1.5.2.jar","sourceContainerUrl":"file:/home/nishant/.m2/repository/org/junit/platform/junit-platform-engine/1.5.2/junit-platform-engine-1.5.2-sources.jar","isSystem":false,"isOwn":false,"isTest":false,"isJavaContent":false},{"kind":"binary","path":"/home/nishant/.m2/repository/org/mockito/mockito-junit-jupiter/3.1.0/mockito-junit-jupiter-3.1.0.jar","sourceContainerUrl":"file:/home/nishant/.m2/repository/org/mockito/mockito-junit-jupiter/3.1.0/mockito-junit-jupiter-3.1.0-sources.jar","isSystem":false,"isOwn":false,"isTest":false,"isJavaContent":false},{"kind":"binary","path":"/home/nishant/.m2/repository/org/assertj/assertj-core/3.13.2/assertj-core-3.13.2.jar","sourceContainerUrl":"file:/home/nishant/.m2/repository/org/assertj/assertj-core/3.13.2/assertj-core-3.13.2-sources.jar","isSystem":false,"isOwn":false,"isTest":false,"isJavaContent":false},{"kind":"binary","path":"/home/nishant/.m2/repository/org/hamcrest/hamcrest/2.1/hamcrest-2.1.jar","sourceContainerUrl":"file:/home/nishant/.m2/repository/org/hamcrest/hamcrest/2.1/hamcrest-2.1-sources.jar","isSystem":false,"isOwn":false,"isTest":false,"isJavaContent":false},{"kind":"binary","path":"/home/nishant/.m2/repository/org/mockito/mockito-core/3.1.0/mockito-core-3.1.0.jar","sourceContainerUrl":"file:/home/nishant/.m2/repository/org/mockito/mockito-core/3.1.0/mockito-core-3.1.0-sources.jar","isSystem":false,"isOwn":false,"isTest":false,"isJavaContent":false},{"kind":"binary","path":"/home/nishant/.m2/repository/net/bytebuddy/byte-buddy/1.10.8/byte-buddy-1.10.8.jar","sourceContainerUrl":"file:/home/nishant/.m2/repository/net/bytebuddy/byte-buddy/1.10.8/byte-buddy-1.10.8-sources.jar","isSystem":false,"isOwn":false,"isTest":false,"isJavaContent":false},{"kind":"binary","path":"/home/nishant/.m2/repository/net/bytebuddy/byte-buddy-agent/1.10.8/byte-buddy-agent-1.10.8.jar","sourceContainerUrl":"file:/home/nishant/.m2/repository/net/bytebuddy/byte-buddy-agent/1.10.8/byte-buddy-agent-1.10.8-sources.jar","isSystem":false,"isOwn":false,"isTest":false,"isJavaContent":false},{"kind":"binary","path":"/home/nishant/.m2/repository/org/objenesis/objenesis/2.6/objenesis-2.6.jar","sourceContainerUrl":"file:/home/nishant/.m2/repository/org/objenesis/objenesis/2.6/objenesis-2.6-sources.jar","isSystem":false,"isOwn":false,"isTest":false,"isJavaContent":false},{"kind":"binary","path":"/home/nishant/.m2/repository/org/skyscreamer/jsonassert/1.5.0/jsonassert-1.5.0.jar","sourceContainerUrl":"file:/home/nishant/.m2/repository/org/skyscreamer/jsonassert/1.5.0/jsonassert-1.5.0-sources.jar","isSystem":false,"isOwn":false,"isTest":false,"isJavaContent":false},{"kind":"binary","path":"/home/nishant/.m2/repository/com/vaadin/external/google/android-json/0.0.20131108.vaadin1/android-json-0.0.20131108.vaadin1.jar","sourceContainerUrl":"file:/home/nishant/.m2/repository/com/vaadin/external/google/android-json/0.0.20131108.vaadin1/android-json-0.0.20131108.vaadin1-sources.jar","isSystem":false,"isOwn":false,"isTest":false,"isJavaContent":false},{"kind":"binary","path":"/home/nishant/.m2/repository/org/springframework/spring-core/5.2.4.RELEASE/spring-core-5.2.4.RELEASE.jar","sourceContainerUrl":"file:/home/nishant/.m2/repository/org/springframework/spring-core/5.2.4.RELEASE/spring-core-5.2.4.RELEASE-sources.jar","isSystem":false,"isOwn":false,"isTest":false,"isJavaContent":false},{"kind":"binary","path":"/home/nishant/.m2/repository/org/springframework/spring-jcl/5.2.4.RELEASE/spring-jcl-5.2.4.RELEASE.jar","sourceContainerUrl":"file:/home/nishant/.m2/repository/org/springframework/spring-jcl/5.2.4.RELEASE/spring-jcl-5.2.4.RELEASE-sources.jar","isSystem":false,"isOwn":false,"isTest":false,"isJavaContent":false},{"kind":"binary","path":"/home/nishant/.m2/repository/org/springframework/spring-test/5.2.4.RELEASE/spring-test-5.2.4.RELEASE.jar","sourceContainerUrl":"file:/home/nishant/.m2/repository/org/springframework/spring-test/5.2.4.RELEASE/spring-test-5.2.4.RELEASE-sources.jar","isSystem":false,"isOwn":false,"isTest":false,"isJavaContent":false},{"kind":"binary","path":"/home/nishant/.m2/repository/org/xmlunit/xmlunit-core/2.6.3/xmlunit-core-2.6.3.jar","sourceContainerUrl":"file:/home/nishant/.m2/repository/org/xmlunit/xmlunit-core/2.6.3/xmlunit-core-2.6.3-sources.jar","isSystem":false,"isOwn":false,"isTest":false,"isJavaContent":false},{"kind":"source","path":"/home/nishant/Documents/workspace-spring-tool-suite-4-4.5.1.RELEASE/CSE546pi/src/main/java","outputFolder":"/home/nishant/Documents/workspace-spring-tool-suite-4-4.5.1.RELEASE/CSE546pi/target/classes","javadocContainerUrl":"file:/home/nishant/Documents/workspace-spring-tool-suite-4-4.5.1.RELEASE/CSE546pi/target/site/apidocs","isSystem":false,"isOwn":true,"isTest":false,"isJavaContent":true},{"kind":"source","path":"/home/nishant/Documents/workspace-spring-tool-suite-4-4.5.1.RELEASE/CSE546pi/src/test/java","outputFolder":"/home/nishant/Documents/workspace-spring-tool-suite-4-4.5.1.RELEASE/CSE546pi/target/test-classes","javadocContainerUrl":"file:/home/nishant/Documents/workspace-spring-tool-suite-4-4.5.1.RELEASE/CSE546pi/target/site/apidocs","isSystem":false,"isOwn":true,"isTest":true,"isJavaContent":true},{"kind":"source","path":"/home/nishant/Documents/workspace-spring-tool-suite-4-4.5.1.RELEASE/CSE546pi/src/main/resources","outputFolder":"/home/nishant/Documents/workspace-spring-tool-suite-4-4.5.1.RELEASE/CSE546pi/target/classes","isSystem":false,"isOwn":true,"isTest":false,"isJavaContent":false},{"kind":"source","path":"/home/nishant/Documents/workspace-spring-tool-suite-4-4.5.1.RELEASE/CSE546pi/src/test/resources","outputFolder":"/home/nishant/Documents/workspace-spring-tool-suite-4-4.5.1.RELEASE/CSE546pi/target/test-classes","isSystem":false,"isOwn":true,"isTest":true,"isJavaContent":false},{"kind":"source","path":"/home/nishant/Documents/workspace-spring-tool-suite-4-4.5.1.RELEASE/CSE546pi/src/test/java","outputFolder":"/home/nishant/Documents/workspace-spring-tool-suite-4-4.5.1.RELEASE/CSE546pi/target/test-classes","javadocContainerUrl":"file:/home/nishant/Documents/workspace-spring-tool-suite-4-4.5.1.RELEASE/CSE546pi/target/site/apidocs","isSystem":false,"isOwn":true,"isTest":false,"isJavaContent":false}]}